from	to
#building_upgrades_junction_tables;0;db/building_upgrades_junction_tables/ak_teb_camp	
teb_camp_main_1	teb_camp_main_2
teb_camp_main_2	teb_camp_main_3
teb_camp_main_3	teb_camp_main_4
teb_camp_main_4	teb_camp_main_5
teb_camp_inf_1	teb_camp_inf_2
teb_camp_inf_2	teb_camp_inf_3
teb_camp_inf_3	teb_camp_inf_4
teb_camp_inf_4	teb_camp_inf_5
teb_camp_inf2_1	teb_camp_inf2_2
teb_camp_inf2_2	teb_camp_inf2_3
teb_camp_inf2_3	teb_camp_inf2_4
teb_camp_inf2_4	teb_camp_inf2_5
teb_camp_missile_1	teb_camp_missile_2
teb_camp_missile_2	teb_camp_missile_3
teb_camp_missile_3	teb_camp_missile_4
teb_camp_missile_4	teb_camp_missile_5
teb_camp_cavalry_1	teb_camp_cavalry_2
teb_camp_cavalry_2	teb_camp_cavalry_3
teb_camp_cavalry_3	teb_camp_cavalry_4
teb_camp_cavalry_4	teb_camp_cavalry_5
teb_camp_artillery_1	teb_camp_artillery_2
teb_camp_artillery_2	teb_camp_artillery_3
teb_camp_artillery_3	teb_camp_artillery_4
teb_camp_artillery_4	teb_camp_artillery_5
teb_camp_replenish_1	teb_camp_replenish_2
teb_camp_replenish_2	teb_camp_replenish_3
teb_camp_replenish_3	teb_camp_replenish_4
teb_camp_replenish_4	teb_camp_replenish_5
teb_camp_growth_1	teb_camp_growth_2
teb_camp_growth_2	teb_camp_growth_3
teb_camp_growth_3	teb_camp_growth_4
teb_camp_growth_4	teb_camp_growth_5
teb_camp_recr_1	teb_camp_recr_2
teb_camp_recr_2	teb_camp_recr_3
teb_camp_recr_3	teb_camp_recr_4
teb_camp_recr_4	teb_camp_recr_5
teb_camp_upk_1	teb_camp_upk_2
teb_camp_upk_2	teb_camp_upk_3
teb_camp_upk_3	teb_camp_upk_4
teb_camp_upk_4	teb_camp_upk_5
teb_camp_foreign_1	teb_camp_foreign_2
