character_animation_set	mount_unit	rider_animation_set	vfx_filter_override
#campaign_mount_animation_set_overrides_tables;2;db/campaign_mount_animation_set_overrides_tables/ak_teb			
cam_hu1_empire_sword_and_shield	teb_merc_general_horse	cam_hu1_empire_hr1_warhorse_lance_sword_shield	0
cam_hu1_empire_sword_and_shield	teb_merc_general_barded_horse	cam_hu1_empire_hr1_warhorse_lance_sword_shield	0
cam_hu1_empire_sword_and_shield	teb_merc_general_pegasus	cam_hu1_empire_hr1_pegasus_sword_and_shield	0
cam_hu1_empire_sword_and_shield	teb_merc_general_grif	cam_hu1_empire_bc2_griffon_wb_lance_sword_shield	0
cam_hu1_empire_sword_and_shield	teb_merc_general_lion	cam_hu1_empire_bc2_griffon_wb_lance_sword_shield	0
cam_hu1_empire_sword_and_shield	teb_merc_captain_horse	cam_hu1_empire_hr1_warhorse_lance_sword_shield	0
cam_hu1_empire_sword_and_shield	teb_merc_captain_barded_horse	cam_hu1_empire_hr1_warhorse_lance_sword_shield	0
cam_hu1_empire_staff_and_sword	wh_main_teb_cha_wizard_fire_2	cam_hu1_empire_hr1_warhorse_staff_and_sword	0
cam_hu1_empire_staff_and_sword	wh_main_teb_cha_wizard_fire_3	cam_hu1_empire_hr1_warhorse_staff_and_sword	0
cam_hu1_empire_sword_and_shield	teb_priestess_horse	cam_hu1_empire_hr1_warhorse_lance_sword_shield	0
cam_hu1_empire_sword_and_shield	teb_priestess_bhorse	cam_hu1_empire_hr1_warhorse_lance_sword_shield	0
cam_hu1_empire_sword_and_shield	bor_ranger_lord_horse	cam_hu1_empire_hr1_warhorse_lance_sword_shield	0
cam_hu1_empire_sword_and_shield	bor_ranger_lord_horse2	cam_hu1_empire_hr1_warhorse_lance_sword_shield	0
cam_hu1_empire_sword_and_shield	til_merchant_horse	cam_hu1_empire_hr1_warhorse_sword	0
cam_hu1_empire_sword_and_shield	til_merchant_bhorse	cam_hu1_empire_hr1_warhorse_sword	0
cam_hu1_empire_sword_and_shield	til_merchant_bear	cam_hu1_kislev_be1_warbear_mace_and_satchel	0
cam_hu1_empire_staff_and_sword	est_inquisitor_horse	cam_hu1_empire_hr1_warhorse_staff_and_sword	0
cam_hu1_empire_staff_and_sword	est_inquisitor_bhorse	cam_hu1_empire_hr1_warhorse_staff_and_sword	0
cam_hu1_empire_staff_and_sword	est_inquisitor_grif	cam_hu1_empire_hr1_warhorse_staff_and_sword	0
cam_hu1c_chaos_axe_and_shield	teb_borgio_the_besieger_horse	cam_hu1c_chaos_hr1_warhorse_axe_and_shield	0
cam_hu1c_chaos_axe_and_shield	teb_borgio_the_besieger_bhorse	cam_hu1c_chaos_hr1_warhorse_axe_and_shield	0
cam_hu1b_vampire_sword	teb_lucrezzia_belladonna_horse	cam_hu1b_bretonnian_hr1_warhorse_staff_and_sword	0
cam_hu1b_vampire_sword	teb_lucrezzia_belladonna_bhorse	cam_hu1b_bretonnian_hr1_warhorse_staff_and_sword	0
cam_hu1_empire_sword_and_shield	teb_catrazza_warhorse	cam_hu1_empire_hr1_warhorse_staff_and_sword	0
cam_hu1_empire_sword_and_shield	teb_catrazza_barded_warhorse	cam_hu1_empire_hr1_warhorse_staff_and_sword	0
cam_hu1_empire_sword_and_shield	teb_catrazza_grif	cam_hu1_empire_bc2_griffon_wb_lance_sword_shield	0
cam_lord_hu1_cst_noctilus_2handed_axe	teb_lupio_warhorse	cam_hu1_empire_hr1_warhorse_lance_sword_shield	0
cam_lord_hu1_cst_noctilus_2handed_axe	teb_lupio_barded_warhorse	cam_hu1_empire_hr1_warhorse_lance_sword_shield	0
cam_lord_hu1_cst_noctilus_2handed_axe	teb_lupio_grif	cam_hu1_empire_bc2_griffon_wb_lance_sword_shield	0
cam_hu1_empire_sword_and_shield	teb_gausser_warhorse	cam_hu1_empire_hr1_warhorse_lance_sword_shield	0
cam_hu1_empire_sword_and_shield	teb_gausser_barded_warhorse	cam_hu1_empire_hr1_warhorse_lance_sword_shield	0
cam_hu1_empire_sword_and_shield	teb_gausser_pegasus	cam_hu1_empire_hr1_pegasus_sword_and_shield	0
cam_hu1_empire_sword_and_shield	teb_cadavo_horse	cam_hu1_empire_hr1_warhorse_staff_and_sword	0
cam_hu1_empire_sword_and_shield	teb_cadavo_bhorse	cam_hu1_empire_hr1_warhorse_staff_and_sword	0
cam_hu1_empire_sword_and_shield	teb_colombo_horse	cam_hu1_empire_hr1_warhorse_staff_and_sword	0
cam_hu1_empire_sword_and_shield	teb_colombo_steed	cam_hu1_empire_hr1_warhorse_staff_and_sword	0
cam_lord_hu1_settra_2handed_halberd	teb_templar_lord_bhorse	cam_lord_hu1_tomb_hr1_tomb_steed_halberd	0
cam_lord_hu1_settra_2handed_halberd	teb_templar_lord_pegasus	cam_hu1_bretonnian_hr1_pegasus_lancer	0
cam_lord_hu1_settra_2handed_halberd	teb_templar_lord_griff	cam_hu1_empire_bc2_griffon_wb_lance_sword_shield	0
cam_lord_hu1_settra_2handed_halberd	teb_templar_lord_champ	cam_hu1_leoncoeur_sword_and_shield	0
cam_hu1_empire_sword_and_shield	teb_duellist_hero_horse	cam_hu1_empire_hr1_warhorse_lance_sword_shield	0
cam_hu1_empire_sword_and_shield	teb_duellist_hero_bhorse	cam_hu1_empire_hr1_warhorse_lance_sword_shield	0
cam_hu1_empire_sword_and_shield	teb_duellist_hero_encarmine	cam_hu1_empire_hr1_warhorse_staff_and_sword	0
