member	context	culture
#campaign_group_member_criteria_cultures_tables;1;db/campaign_group_member_criteria_cultures_tables/ak_teb_event_feed		
event_feed_cult_MIXER_TEB	ACTOR	mixer_teb_southern_realms
event_feed_cult_MIXER_TEB_attrition_desertion	ACTOR	mixer_teb_southern_realms
event_feed_cult_MIXER_TEB_battle_attack_outcome_defeat	ACTOR	mixer_teb_southern_realms
event_feed_cult_MIXER_TEB_battle_attack_outcome_draw	ACTOR	mixer_teb_southern_realms
event_feed_cult_MIXER_TEB_battle_attack_outcome_victory	ACTOR	mixer_teb_southern_realms
event_feed_agent_action_all_failure_critical_hinder_army_MIXER_TEB	ACTOR	mixer_teb_southern_realms
event_feed_agent_action_all_failure_critical_hinder_character_MIXER_TEB	ACTOR	mixer_teb_southern_realms
event_feed_agent_action_all_failure_critical_hinder_province_MIXER_TEB	ACTOR	mixer_teb_southern_realms
event_feed_agent_action_all_failure_hinder_army_MIXER_TEB	ACTOR	mixer_teb_southern_realms
event_feed_agent_action_all_failure_hinder_character_MIXER_TEB	ACTOR	mixer_teb_southern_realms
event_feed_agent_action_all_failure_hinder_province_MIXER_TEB	ACTOR	mixer_teb_southern_realms
event_feed_agent_action_all_hinder_character_MIXER_TEB	ACTOR	mixer_teb_southern_realms
event_feed_agent_action_all_success_critical_hinder_character_MIXER_TEB	ACTOR	mixer_teb_southern_realms
event_feed_agent_action_champion_hinder_army_MIXER_TEB	ACTOR	mixer_teb_southern_realms
event_feed_agent_action_champion_hinder_settlement_MIXER_TEB	ACTOR	mixer_teb_southern_realms
event_feed_agent_action_champion_hinder_settlement_plague_priest_MIXER_TEB	ACTOR	mixer_teb_southern_realms
event_feed_agent_action_champion_hinder_settlement_warlock_engineer_MIXER_TEB	ACTOR	mixer_teb_southern_realms
event_feed_agent_action_dignitary_hinder_army_MIXER_TEB	ACTOR	mixer_teb_southern_realms
event_feed_agent_action_dignitary_hinder_settlement_MIXER_TEB	ACTOR	mixer_teb_southern_realms
event_feed_agent_action_engineer_hinder_settlement_MIXER_TEB	ACTOR	mixer_teb_southern_realms
event_feed_agent_action_hinder_settlement_gain_influence_MIXER_TEB	ACTOR	mixer_teb_southern_realms
event_feed_agent_action_spy_hinder_army_MIXER_TEB	ACTOR	mixer_teb_southern_realms
event_feed_agent_action_spy_hinder_settlement_MIXER_TEB	ACTOR	mixer_teb_southern_realms
event_feed_agent_action_wizard_hinder_army_MIXER_TEB	ACTOR	mixer_teb_southern_realms
event_feed_cult_character_dies_battle_MIXER_TEB	ORIGINATOR	mixer_teb_southern_realms
