key	campaign_key	character_skill_key	faction_key	indent	tier	subculture	points_on_creation	required_num_parents	visible_in_ui
#character_skill_nodes_tables;6;db/character_skill_nodes_tables/ak_teb_hero_capt									
teb_merc_captain_actions_dummy		teb_merc_captain_actions		8	0		1	0	false
teb_merc_captain_campaign_01		wh2_main_skill_all_hero_assist_army_replenish_troops		5	0		0	0	true
teb_merc_captain_campaign_02		wh2_main_skill_all_hero_passive_spread_public_order		5	1		0	0	true
teb_merc_captain_campaign_03		wh2_main_skill_all_hero_hinder_army_assault_units		5	2		0	0	true
teb_merc_captain_campaign_04		wh2_main_skill_all_hero_hinder_agent_wound		5	3		0	0	true
teb_merc_captain_campaign_05		wh2_main_skill_all_hero_hinder_settlement_assault_garrison		5	4		0	0	true
teb_merc_captain_campaign_06		wh2_main_skill_all_hero_reduce_action_cost		5	5		0	0	true
teb_merc_captain_immortality		wh2_main_skill_all_immortality_hero		0	5		0	0	true
teb_merc_captain_innate_01		wh2_main_skill_innate_emp_regal		6	0		0	0	false
teb_merc_captain_innate_02		wh2_main_skill_innate_emp_noble		6	1		0	0	false
teb_merc_captain_innate_03		wh2_main_skill_innate_emp_imperious		6	2		0	0	false
teb_merc_captain_innate_04		wh2_main_skill_innate_emp_monster_tracker		6	3		0	0	false
teb_merc_captain_innate_05		wh2_main_skill_innate_emp_monster_hunter		6	4		0	0	false
teb_merc_captain_innate_06		wh2_main_skill_innate_all_fleet_footed		6	5		0	0	false
teb_merc_captain_innate_07		wh2_main_skill_innate_all_cunning		6	6		0	0	false
teb_merc_captain_innate_08		wh2_main_skill_innate_all_determined		6	7		0	0	false
teb_merc_captain_innate_09		wh2_main_skill_innate_all_confident		6	8		0	0	false
teb_merc_captain_innate_10		wh2_main_skill_innate_all_disciplined		6	9		0	0	false
teb_merc_captain_innate_11		wh2_main_skill_innate_all_perceptive		6	10		0	0	false
teb_merc_captain_innate_12		wh2_main_skill_innate_all_aggressive		6	11		0	0	false
teb_merc_captain_innate_13		wh2_main_skill_innate_all_tough		6	12		0	0	false
teb_merc_captain_innate_14		wh2_main_skill_innate_all_strong		6	13		0	0	false
teb_merc_captain_innate_15		wh2_main_skill_innate_all_weapon_master		6	14		0	0	false
teb_merc_captain_innate_16		wh2_main_skill_innate_all_strategist		6	15		0	0	false
teb_merc_captain_innate_17		wh2_main_skill_innate_all_tactician		6	16		0	0	false
teb_merc_captain_self_01		wh_main_skill_all_all_self_blade_master_starter		2	0		0	0	true
teb_merc_captain_self_02		wh_main_skill_all_all_self_devastating_charge		2	1		0	0	true
teb_merc_captain_self_03		wh_main_skill_all_lord_self_full_plate_armour_2		2	2		0	0	true
teb_merc_captain_self_04		wh_main_skill_all_all_self_hard_to_hit		2	3		0	0	true
teb_merc_captain_self_05		wh_main_skill_all_all_self_deadly_blade		2	4		0	0	true
teb_merc_captain_self_06		teb_merc_captain_combined_arms		2	5		0	4	true
teb_merc_captain_self_07		wh_main_skill_all_all_self_wound-maker		2	6		0	0	true
teb_merc_captain_self_08		wh_main_skill_all_all_self_scarred_veteran_2		2	7		0	0	true
teb_merc_captain_self_09		wh_main_skill_all_all_self_indomitable		2	8		0	0	true
teb_merc_captain_self_10		wh_main_skill_all_all_self_blade_shield		2	9		0	0	true
teb_merc_captain_self_11		wh_main_skill_all_all_self_deadly_onslaught		2	10		0	4	true
teb_merc_captain_unique_03		wh_main_skill_emp_champion_unique_hold_the_line		0	3		0	0	true
teb_merc_captain_barded_horse		teb_merc_captain_barded_horse		0	1		0	0	true
teb_merc_captain_unique_powder		wh_pro01_skill_grombrindal_flash_bang		0	2		0	0	true
teb_merc_captain_ward		teb_lord_unique_ward		0	7		0	0	true
teb_merc_captain_scaling		wh3_main_skill_agent_action_success_scaling		99	0		0	0	false
teb_merc_captain_ranged_00		wh2_dlc11_skill_cst_ranged_0		3	1		0	0	true
teb_merc_captain_ranged_01		wh2_dlc11_skill_cst_ranged_1		3	2		0	0	true
teb_merc_captain_ranged_02		wh2_dlc11_skill_cst_ranged_2		3	3		0	0	true
teb_merc_captain_ranged_04		wh2_dlc11_skill_cst_ranged_4		3	5		0	0	true
