bonus_value_id	effect	ritual
#effect_bonus_value_ritual_junctions_tables;0;db/effect_bonus_value_ritual_junctions_tables/ak_teb		
disable	tebuary_disable_strategy1	tebuary_3_1
disable	tebuary_disable_strategy1	tebuary_3_2
disable	tebuary_disable_strategy1	tebuary_3_3
disable	tebuary_disable_diplo	tebuary_3_4
disable	tebuary_disable_diplo	tebuary_3_5
disable	tebuary_disable_diplo	tebuary_3_6
disable	tebuary_disable_diplo	tebuary_3_7
disable	tebuary_disable_diplo	tebuary_3_8
enable	tebuary_enable_diplo_marburg	tebuary_3_7
enable	tebuary_enable_diplo_marburg	tebuary_3_6
enable	tebuary_1_teb_templar_lord_req	tebuary_1_1
disable	tebuary_disable_socio	tebuary_3_17
disable	tebuary_disable_socio	tebuary_3_18
disable	tebuary_disable_socio	tebuary_3_19
disable	tebuary_disable_socio	tebuary_3_20
enable	teb_roc_dieterfist_enable	tebuary_2_1
enable	teb_roc_estragon_enable	tebuary_2_2
enable	teb_roc_verena_enable	tebuary_2_3
enable	teb_roc_strygos_enable	tebuary_2_4
enable	teb_roc_broswords_enable	tebuary_2_5
enable	teb_roc_gwatch_enable	tebuary_2_6
enable	teb_roc_kotss_enable	tebuary_2_7
enable	teb_roc_organ_enable	tebuary_2_8
enable	teb_roc_gunn_enable	tebuary_2_9
enable	teb_roc_montecastello_enable	tebuary_2_10
disable	tebuary_3_sellmercs_disable	tebuary_3_1
disable	tebuary_3_bestmercs_disable	tebuary_3_2
disable	tebuary_3_allin_disable	tebuary_3_3
disable	tebuary_3_diplo_dwf_disable	tebuary_3_4
disable	tebuary_3_diplo_hef_disable	tebuary_3_5
disable	tebuary_3_diplo_emp_disable	tebuary_3_6
disable	tebuary_3_diplo_marburg_disable	tebuary_3_7
disable	tebuary_3_diplo_brt_disable	tebuary_3_8
disable	tebuary_1_teb_templar_lord_disable	tebuary_1_1
disable	tebuary_1_teb_duellist_hero_disable	tebuary_1_2
disable	tebuary_1_teb_wizards_disable	tebuary_1_3
disable	tebuary_1_teb_lorenzo_disable	tebuary_1_4
