bullet_point	unit_key
#ui_unit_bullet_point_unit_overrides_tables;0;db/ui_unit_bullet_point_unit_overrides_tables/ak_teb_chars	
armoured	til_merchant
lord_skirmish	til_merchant
lord_battle_support	til_merchant
armoured	til_merchant_horse
lord_skirmish	til_merchant_horse
lord_battle_support	til_merchant_horse
armoured	til_merchant_bhorse
lord_skirmish	til_merchant_bhorse
lord_battle_support	til_merchant_bhorse
armoured	bor_ranger_lord
good_range	bor_ranger_lord
vanguard_deployment	bor_ranger_lord
armoured	bor_ranger_lord_horse
lord_skirmish	bor_ranger_lord_horse
good_range	bor_ranger_lord_horse
vanguard_deployment	bor_ranger_lord_horse
armoured	bor_ranger_lord_horse2
lord_skirmish	bor_ranger_lord_horse2
armour_piercing_ranged	bor_ranger_lord_horse2
vanguard_deployment	bor_ranger_lord_horse2
armoured	est_inquisitor
lord_battle_support	est_inquisitor
battle_prayers	est_inquisitor
armoured	est_inquisitor_horse
lord_battle_support	est_inquisitor_horse
battle_prayers	est_inquisitor_horse
armoured	est_inquisitor_bhorse
lord_battle_support	est_inquisitor_bhorse
battle_prayers	est_inquisitor_bhorse
armour_piercing	est_inquisitor_grif
lord_battle_support	est_inquisitor_grif
battle_prayers	est_inquisitor_grif
terror	est_inquisitor_grif
armoured_and_shielded	teb_borgio_the_besieger
armoured_and_shielded	teb_borgio_the_besieger_horse
armoured_and_shielded	teb_borgio_the_besieger_bhorse
armour_piercing	teb_borgio_the_besieger
armour_piercing	teb_borgio_the_besieger_horse
armour_piercing	teb_borgio_the_besieger_bhorse
spellcaster	teb_gashnag
armour_piercing	teb_gashnag
spellcaster	teb_lucrezzia_belladonna
poison	teb_lucrezzia_belladonna
spellcaster	teb_lucrezzia_belladonna_horse
poison	teb_lucrezzia_belladonna_horse
spellcaster	teb_lucrezzia_belladonna_bhorse
poison	teb_lucrezzia_belladonna_bhorse
melee_expert	teb_borgio_the_besieger
melee_expert	teb_borgio_the_besieger_horse
melee_expert	teb_borgio_the_besieger_bhorse
armoured	teb_catrazza
armoured	teb_catrazza_warhorse
armoured	teb_catrazza_barded_warhorse
armoured	teb_catrazza_grif
armoured_and_shielded	teb_lupio_warhorse
armoured_and_shielded	teb_lupio_barded_warhorse
armoured	teb_lupio_grif
armoured_and_shielded	teb_gausser
armoured_and_shielded	teb_gausser_warhorse
armoured_and_shielded	teb_gausser_barded_warhorse
armoured_and_shielded	teb_gausser_pegasus
duellist	teb_catrazza
duellist	teb_catrazza_warhorse
duellist	teb_catrazza_barded_warhorse
melee_expert	teb_catrazza_grif
melee_expert	teb_lupio
melee_expert	teb_lupio_warhorse
melee_expert	teb_lupio_barded_warhorse
melee_expert	teb_lupio_grif
armour_piercing	teb_catrazza_grif
armour_piercing	teb_lupio_grif
anti_large	teb_lupio_grif
terror	teb_catrazza_grif
very_fast	teb_gausser_pegasus
melee_expert	teb_gausser
melee_expert	teb_gausser_warhorse
melee_expert	teb_gausser_barded_warhorse
melee_expert	teb_gausser_pegasus
armour_piercing	teb_lupio
armoured	teb_lupio
anti_large	teb_lupio
regeneration	teb_gashnag
armoured	teb_eldaddio
anti_large	teb_eldaddio
melee_expert	teb_cadavo
teb_dirty_fighting	teb_cadavo
melee_expert	teb_cadavo_horse
teb_dirty_fighting	teb_cadavo_horse
melee_expert	teb_cadavo_bhorse
teb_dirty_fighting	teb_cadavo_bhorse
armoured	teb_cadavo_bhorse
good_range	teb_colombo
good_range	teb_colombo_horse
good_range	teb_colombo_steed
armoured	teb_colombo_steed
fire_whilst_moving	teb_colombo_horse
fire_whilst_moving	teb_colombo_steed
armoured_and_shielded	teb_merc_general
armoured_and_shielded	teb_merc_general_horse
armoured_and_shielded	teb_merc_general_barded_horse
armoured_and_shielded	teb_merc_general_pegasus
very_fast	teb_merc_general_pegasus
armour_piercing	teb_merc_general_grif
armoured	teb_merc_general_grif
terror	teb_merc_general_grif
armoured_and_shielded	teb_lorenzo_lupo
melee_expert	teb_lorenzo_lupo
armoured	teb_merc_captain
armour_piercing_melee	teb_merc_captain
armoured	teb_merc_captain_horse
armour_piercing_melee	teb_merc_captain_horse
armoured	teb_merc_captain_barded_horse
armour_piercing_melee	teb_merc_captain_barded_horse
armoured	til_merchant_bear
armour_piercing	til_merchant_bear
lord_battle_support	til_merchant_bear
armour_piercing	teb_piggolo
armour_piercing	teb_piggolo_warpig
armoured	teb_piggolo_warpig
armoured	teb_piggolo_wagon
fire_whilst_moving	teb_piggolo_wagon
anti_infantry	teb_piggolo_wagon
teb_paymaster	teb_piggolo_wagon
armour_piercing	teb_piggolo_tank
unbreakable	teb_piggolo_tank
fire_whilst_moving	teb_piggolo_tank
teb_tank	teb_piggolo_tank
armoured	teb_merc_general_lion
scaly_skin	teb_merc_general_lion
armour_piercing	teb_merc_general_lion
terror	teb_merc_general_lion
lord_battle_support	teb_piggolo
lord_battle_support	teb_piggolo_warpig
armoured_and_shielded	teb_merc_general_CB_tilea
armoured_and_shielded	teb_merc_general_barded_horse_CB_tilea
armour_piercing	teb_merc_general_grif_CB_tilea
armoured	teb_merc_general_grif_CB_tilea
terror	teb_merc_general_grif_CB_tilea
armoured	teb_merc_general_lion_CB_tilea
scaly_skin	teb_merc_general_lion_CB_tilea
armour_piercing	teb_merc_general_lion_CB_tilea
terror	teb_merc_general_lion_CB_tilea
armoured_and_shielded	teb_merc_general_CB_estalia
armoured_and_shielded	teb_merc_general_barded_horse_CB_estalia
armour_piercing	teb_merc_general_grif_CB_estalia
armoured	teb_merc_general_grif_CB_estalia
terror	teb_merc_general_grif_CB_estalia
armoured	teb_merc_general_lion_CB_estalia
scaly_skin	teb_merc_general_lion_CB_estalia
armour_piercing	teb_merc_general_lion_CB_estalia
terror	teb_merc_general_lion_CB_estalia
armoured_and_shielded	teb_merc_general_CB_border
armoured_and_shielded	teb_merc_general_barded_horse_CB_border
armour_piercing	teb_merc_general_grif_CB_border
armoured	teb_merc_general_grif_CB_border
terror	teb_merc_general_grif_CB_border
armoured	teb_merc_general_lion_CB_border
scaly_skin	teb_merc_general_lion_CB_border
armour_piercing	teb_merc_general_lion_CB_border
terror	teb_merc_general_lion_CB_border
armoured_and_shielded	teb_merc_general_CB_colonies
armoured_and_shielded	teb_merc_general_barded_horse_CB_colonies
armour_piercing	teb_merc_general_grif_CB_colonies
armoured	teb_merc_general_grif_CB_colonies
terror	teb_merc_general_grif_CB_colonies
armoured	teb_merc_general_lion_CB_colonies
scaly_skin	teb_merc_general_lion_CB_colonies
armour_piercing	teb_merc_general_lion_CB_colonies
terror	teb_merc_general_lion_CB_colonies
