child_key	parent_key	initial_descent_tiers	parent_link_position	child_link_position	parent_link_position_offset	child_link_position_offset	link_type
#character_skill_node_links_tables;3;db/character_skill_node_links_tables/ak_teb_ll_borgio							
teb_borgio_campaign_02	teb_borgio_campaign_01	0	1	1	0.0000	0.0000	REQUIRED
teb_borgio_campaign_03	teb_borgio_campaign_01	0	1	1	0.0000	0.0000	REQUIRED
teb_borgio_campaign_04	teb_borgio_campaign_01	0	1	1	0.0000	0.0000	REQUIRED
teb_borgio_campaign_05	teb_borgio_campaign_01	0	1	1	0.0000	0.0000	REQUIRED
teb_borgio_campaign_07	teb_borgio_campaign_01	0	1	1	0.0000	0.0000	REQUIRED
teb_borgio_campaign_08	teb_borgio_campaign_01	0	1	1	0.0000	0.0000	REQUIRED
teb_borgio_campaign_09	teb_borgio_campaign_01	0	1	1	0.0000	0.0000	REQUIRED
teb_borgio_campaign_10	teb_borgio_campaign_01	0	1	1	0.0000	0.0000	REQUIRED
teb_borgio_campaign_11	teb_borgio_campaign_02	0	1	1	0.0000	0.0000	SUBSET_REQUIRED
teb_borgio_campaign_11	teb_borgio_campaign_03	0	1	1	0.0000	0.0000	SUBSET_REQUIRED
teb_borgio_campaign_11	teb_borgio_campaign_04	0	1	1	0.0000	0.0000	SUBSET_REQUIRED
teb_borgio_campaign_11	teb_borgio_campaign_05	0	1	1	0.0000	0.0000	SUBSET_REQUIRED
teb_borgio_campaign_11	teb_borgio_campaign_07	0	1	1	0.0000	0.0000	SUBSET_REQUIRED
teb_borgio_campaign_11	teb_borgio_campaign_08	0	1	1	0.0000	0.0000	SUBSET_REQUIRED
teb_borgio_campaign_11	teb_borgio_campaign_09	0	1	1	0.0000	0.0000	SUBSET_REQUIRED
teb_borgio_campaign_11	teb_borgio_campaign_10	0	1	1	0.0000	0.0000	SUBSET_REQUIRED
teb_borgio_campaign_13	teb_borgio_campaign_12	0	1	1	0.0000	0.0000	REQUIRED
teb_borgio_campaign_14	teb_borgio_campaign_12	0	1	1	0.0000	0.0000	REQUIRED
teb_borgio_campaign_15	teb_borgio_campaign_12	0	1	1	0.0000	0.0000	REQUIRED
teb_borgio_campaign_16	teb_borgio_campaign_12	0	1	1	0.0000	0.0000	REQUIRED
teb_borgio_campaign_17	teb_borgio_campaign_12	0	1	1	0.0000	0.0000	REQUIRED
teb_borgio_campaign_18	teb_borgio_campaign_12	0	1	1	0.0000	0.0000	REQUIRED
teb_borgio_campaign_19	teb_borgio_campaign_12	0	1	1	0.0000	0.0000	REQUIRED
teb_borgio_campaign_20	teb_borgio_campaign_12	0	1	1	0.0000	0.0000	REQUIRED
teb_borgio_campaign_21	teb_borgio_campaign_13	0	1	1	0.0000	0.0000	SUBSET_REQUIRED
teb_borgio_campaign_21	teb_borgio_campaign_14	0	1	1	0.0000	0.0000	SUBSET_REQUIRED
teb_borgio_campaign_21	teb_borgio_campaign_15	0	1	1	0.0000	0.0000	SUBSET_REQUIRED
teb_borgio_campaign_21	teb_borgio_campaign_16	0	1	1	0.0000	0.0000	SUBSET_REQUIRED
teb_borgio_campaign_21	teb_borgio_campaign_17	0	1	1	0.0000	0.0000	SUBSET_REQUIRED
teb_borgio_campaign_21	teb_borgio_campaign_18	0	1	1	0.0000	0.0000	SUBSET_REQUIRED
teb_borgio_campaign_21	teb_borgio_campaign_19	0	1	1	0.0000	0.0000	SUBSET_REQUIRED
teb_borgio_campaign_21	teb_borgio_campaign_20	0	1	1	0.0000	0.0000	SUBSET_REQUIRED
teb_borgio_self_02	teb_borgio_self_01	0	1	1	0.0000	0.0000	REQUIRED
teb_borgio_self_03	teb_borgio_self_01	0	1	1	0.0000	0.0000	REQUIRED
teb_borgio_self_04	teb_borgio_self_01	0	1	1	0.0000	0.0000	REQUIRED
teb_borgio_self_05	teb_borgio_self_01	0	1	1	0.0000	0.0000	REQUIRED
teb_borgio_self_06	teb_borgio_self_02	0	1	1	0.0000	0.0000	SUBSET_REQUIRED
teb_borgio_self_06	teb_borgio_self_03	0	1	1	0.0000	0.0000	SUBSET_REQUIRED
teb_borgio_self_06	teb_borgio_self_04	0	1	1	0.0000	0.0000	SUBSET_REQUIRED
teb_borgio_self_06	teb_borgio_self_05	0	1	1	0.0000	0.0000	SUBSET_REQUIRED
teb_borgio_self_07	teb_borgio_self_06	0	1	1	0.0000	0.0000	REQUIRED
teb_borgio_self_08	teb_borgio_self_06	0	1	1	0.0000	0.0000	REQUIRED
teb_borgio_self_09	teb_borgio_self_06	0	1	1	0.0000	0.0000	REQUIRED
teb_borgio_self_10	teb_borgio_self_06	0	1	1	0.0000	0.0000	REQUIRED
teb_borgio_self_11	teb_borgio_self_07	0	1	1	0.0000	0.0000	SUBSET_REQUIRED
teb_borgio_self_11	teb_borgio_self_08	0	1	1	0.0000	0.0000	SUBSET_REQUIRED
teb_borgio_self_11	teb_borgio_self_09	0	1	1	0.0000	0.0000	SUBSET_REQUIRED
teb_borgio_self_11	teb_borgio_self_10	0	1	1	0.0000	0.0000	SUBSET_REQUIRED
teb_borgio_battle_01	teb_borgio_battle_00	0	1	1	0.0000	0.0000	REQUIRED
teb_borgio_battle_02	teb_borgio_battle_00	0	1	1	0.0000	0.0000	REQUIRED
teb_borgio_battle_03	teb_borgio_battle_00	0	1	1	0.0000	0.0000	REQUIRED
teb_borgio_battle_04	teb_borgio_battle_00	0	1	1	0.0000	0.0000	REQUIRED
teb_borgio_battle_05	teb_borgio_battle_00	0	1	1	0.0000	0.0000	REQUIRED
teb_borgio_battle_06	teb_borgio_battle_00	0	1	1	0.0000	0.0000	REQUIRED
teb_borgio_battle_07	teb_borgio_battle_01	0	1	1	0.0000	0.0000	SUBSET_REQUIRED
teb_borgio_battle_07	teb_borgio_battle_02	0	1	1	0.0000	0.0000	SUBSET_REQUIRED
teb_borgio_battle_07	teb_borgio_battle_03	0	1	1	0.0000	0.0000	SUBSET_REQUIRED
teb_borgio_battle_07	teb_borgio_battle_04	0	1	1	0.0000	0.0000	SUBSET_REQUIRED
teb_borgio_battle_07	teb_borgio_battle_05	0	1	1	0.0000	0.0000	SUBSET_REQUIRED
teb_borgio_battle_07	teb_borgio_battle_06	0	1	1	0.0000	0.0000	SUBSET_REQUIRED
teb_borgio_battle_08	teb_borgio_battle_07	0	1	1	0.0000	0.0000	REQUIRED
teb_borgio_battle_09	teb_borgio_battle_07	0	1	1	0.0000	0.0000	REQUIRED
teb_borgio_battle_10	teb_borgio_battle_07	0	1	1	0.0000	0.0000	REQUIRED
teb_borgio_battle_11	teb_borgio_battle_07	0	1	1	0.0000	0.0000	REQUIRED
teb_borgio_battle_12	teb_borgio_battle_07	0	1	1	0.0000	0.0000	REQUIRED
teb_borgio_battle_13	teb_borgio_battle_08	0	1	1	0.0000	0.0000	SUBSET_REQUIRED
teb_borgio_battle_13	teb_borgio_battle_09	0	1	1	0.0000	0.0000	SUBSET_REQUIRED
teb_borgio_battle_13	teb_borgio_battle_10	0	1	1	0.0000	0.0000	SUBSET_REQUIRED
teb_borgio_battle_13	teb_borgio_battle_11	0	1	1	0.0000	0.0000	SUBSET_REQUIRED
teb_borgio_battle_13	teb_borgio_battle_12	0	1	1	0.0000	0.0000	SUBSET_REQUIRED
teb_borgio_pick	teb_borgio_beloved	0	1	1	0.0000	0.0000	REQUIRED
teb_borgio_double	teb_borgio_beloved	0	1	1	0.0000	0.0000	REQUIRED
teb_borgio_best	teb_borgio_beloved	0	1	1	0.0000	0.0000	REQUIRED
teb_borgio_milan	teb_borgio_pick	0	1	1	0.0000	0.0000	SUBSET_REQUIRED
teb_borgio_milan	teb_borgio_double	0	1	1	0.0000	0.0000	SUBSET_REQUIRED
teb_borgio_milan	teb_borgio_best	0	1	1	0.0000	0.0000	SUBSET_REQUIRED
