attribute	attribute_group
#unit_attributes_to_groups_junctions_tables;2;db/unit_attributes_to_groups_junctions_tables/ak_teb	
hide_forest	bor_ranger_lord
encourages	bor_ranger_lord
fatigue_res	bor_ranger_lord
mounted_fire_move	bor_ranger_lord
guerrilla_deploy	bor_ranger_lord
encourages	bor_ranger_lord_horse
hide_forest	bor_ranger_lord_horse
mounted_fire_move	bor_ranger_lord_horse
guerrilla_deploy	bor_ranger_lord_horse
fatigue_res	bor_ranger_lord_horse
charge_defense	wh_chargeReflector_hideForest_immPsy
hide_forest	wh_chargeReflector_hideForest_immPsy
immune_to_psychology	wh_chargeReflector_hideForest_immPsy
hide_forest	wh_fear_hideForest_undead_immFatigue
causes_fear	wh_fear_hideForest_undead_immFatigue
fatigue_immune	wh_fear_hideForest_undead_immFatigue
undead	wh_fear_hideForest_undead_immFatigue
causes_fear	wh_chargeReflector_hideForest_fear
charge_defense	wh_chargeReflector_hideForest_fear
hide_forest	wh_chargeReflector_hideForest_fear
charge_defense	wh_chargeReflector_hideForest_unbreakable
hide_forest	wh_chargeReflector_hideForest_unbreakable
unbreakable	wh_chargeReflector_hideForest_unbreakable
hide_forest	hideForest_FireMove_immPsy
immune_to_psychology	hideForest_FireMove_immPsy
mounted_fire_move	hideForest_FireMove_immPsy
charge_defense	chargeReflector_guerrilla_hideForest_immPsy_stalk
hide_forest	chargeReflector_guerrilla_hideForest_immPsy_stalk
immune_to_psychology	chargeReflector_guerrilla_hideForest_immPsy_stalk
stalk	chargeReflector_guerrilla_hideForest_immPsy_stalk
guerrilla_deploy	chargeReflector_guerrilla_hideForest_immPsy_stalk
charge_reflection	chargeReflector_guerrilla_hideForest_immPsy_stalk
causes_fear	csr_fear_mountedFireMove_unbreakable
mounted_fire_move	csr_fear_mountedFireMove_unbreakable
unbreakable	csr_fear_mountedFireMove_unbreakable
causes_fear	csr_fear_mountedFireMove_unbreakable_strider
mounted_fire_move	csr_fear_mountedFireMove_unbreakable_strider
unbreakable	csr_fear_mountedFireMove_unbreakable_strider
strider	csr_fear_mountedFireMove_unbreakable_strider
causes_fear	csr_fear_mountedFireMove_terror_unbreakable_strider
causes_terror	csr_fear_mountedFireMove_terror_unbreakable_strider
mounted_fire_move	csr_fear_mountedFireMove_terror_unbreakable_strider
unbreakable	csr_fear_mountedFireMove_terror_unbreakable_strider
strider	csr_fear_mountedFireMove_terror_unbreakable_strider
hide_forest	wh_hideForest
cant_run	wh_cantRun
charge_defense	teb_attr_pikes
charge_reflection	teb_attr_pikes
formed_attack	teb_attr_pikes
hide_forest	teb_attr_pikes
charge_defense	teb_attr_pikes_unbreakable
charge_reflection	teb_attr_pikes_unbreakable
formed_attack	teb_attr_pikes_unbreakable
hide_forest	teb_attr_pikes_unbreakable
unbreakable	teb_attr_pikes_unbreakable
charge_defense	teb_attr_pikes_immpsy
charge_reflection	teb_attr_pikes_immpsy
formed_attack	teb_attr_pikes_immpsy
hide_forest	teb_attr_pikes_immpsy
immune_to_psychology	teb_attr_pikes_immpsy
charge_defense	teb_attr_pikes_encou
charge_reflection	teb_attr_pikes_encou
formed_attack	teb_attr_pikes_encou
hide_forest	teb_attr_pikes_encou
encourages	teb_attr_pikes_encou
charge_defense	teb_attr_sisters
charge_reflection	teb_attr_sisters
hide_forest	teb_attr_sisters
charge_defense_vs_large	teb_attr_bwatch
charge_reflection	teb_attr_bwatch
hide_forest	teb_attr_bwatch
immune_to_psychology	teb_attr_bwatch
hide_forest	teb_attr_paymaster
mounted_fire_move	teb_attr_paymaster
encourages	teb_attr_paymaster
immune_to_psychology	teb_attr_paymaster
flying	teb_attr_birdmen
guerrilla_deploy	teb_attr_birdmen
mounted_fire_move	teb_attr_birdmen
hide_forest	teb_attr_cursed_company
causes_fear	teb_attr_cursed_company
fatigue_immune	teb_attr_cursed_company
undead	teb_attr_cursed_company
causes_fear	teb_attr_vespero
charge_defense	teb_attr_vespero
hide_forest	teb_attr_vespero
hide_forest	teb_roc_strygos
guerrilla_deploy	teb_roc_strygos
snipe	teb_roc_strygos
charge_defense_vs_large	teb_lupio_foot
charge_reflection	teb_lupio_foot
encourages	teb_lupio_foot
hide_forest	teb_lupio_foot
causes_fear	teb_lupio_demi
encourages	teb_lupio_demi
hide_forest	teb_lupio_demi
fatigue_res	teb_lorenzo_lupo
encourages	teb_lorenzo_lupo
hide_forest	teb_lorenzo_lupo
hide_forest	teb_light_scouts
guerrilla_deploy	teb_light_scouts
devastating_flanker	teb_light_scouts
hide_forest	teb_light_scouts_expendable
guerrilla_deploy	teb_light_scouts_expendable
devastating_flanker	teb_light_scouts_expendable
expendable	teb_light_scouts_expendable
hide_forest	teb_roc_estragon
immune_to_psychology	teb_roc_estragon
mounted_fire_move	teb_roc_estragon
mark_tzeentch	teb_roc_estragon
causes_fear	teb_tank
mounted_fire_move	teb_tank
unbreakable	teb_tank
flanking_immune	teb_tank
causes_fear	teb_tank_ror
causes_terror	teb_tank_ror
mounted_fire_move	teb_tank_ror
unbreakable	teb_tank_ror
strider	teb_tank_ror
flanking_immune	teb_tank_ror
unbreakable	teb_roc_organ
cant_run	teb_roc_organ
slayer	teb_roc_organ
causes_fear	teb_golden_lion
causes_terror	teb_golden_lion
flying	teb_golden_lion
hide_forest	teb_encarmine
glorious_charge	teb_encarmine
mounted_fire_move	teb_roc_montecastello
hide_forest	teb_roc_montecastello
glorious_charge	teb_roc_montecastello
hide_forest	teb_montante_greatswords
hide_forest	teb_roc_dieterfist
unyielding_assault	teb_roc_dieterfist
hide_forest	teb_roc_gwatch
immune_to_psychology	teb_roc_gwatch
glorious_charge	teb_roc_gwatch
contempt	teb_roc_gwatch
