set	item	mod_disabled
#character_skill_node_set_items_tables;0;db/character_skill_node_set_items_tables/ak_teb_ll_colombo		
teb_colombo_TOW	teb_colombo_innate_01	false
teb_colombo	teb_colombo_innate_01	false
teb_colombo	teb_colombo_self_01	false
teb_colombo	teb_colombo_self_02	false
teb_colombo	teb_colombo_self_03	false
teb_colombo	teb_colombo_self_04	false
teb_colombo	teb_colombo_self_05	false
teb_colombo	teb_colombo_self_06	false
teb_colombo	teb_colombo_self_07	false
teb_colombo	teb_colombo_self_08	false
teb_colombo	teb_colombo_self_09	false
teb_colombo	teb_colombo_self_10	false
teb_colombo	teb_colombo_self_11	false
teb_colombo	teb_colombo_campaign_01	false
teb_colombo	teb_colombo_campaign_02	false
teb_colombo	teb_colombo_campaign_03	false
teb_colombo	teb_colombo_campaign_04	false
teb_colombo	teb_colombo_campaign_05	false
teb_colombo	teb_colombo_campaign_07	false
teb_colombo	teb_colombo_campaign_08	false
teb_colombo	teb_colombo_campaign_09	false
teb_colombo	teb_colombo_campaign_10	false
teb_colombo	teb_colombo_campaign_11	false
teb_colombo	teb_colombo_contact	false
teb_colombo	teb_colombo_vsBST	false
teb_colombo	teb_colombo_vsSKV	false
teb_colombo	teb_colombo_vsDELF	false
teb_colombo	teb_colombo_vsGRN	false
teb_colombo	teb_colombo_vsCHS	false
teb_colombo	teb_colombo_vsUND	false
teb_colombo	teb_colombo_befriend1	false
teb_colombo	teb_colombo_befriend2	false
teb_colombo	teb_colombo_befriend3	false
teb_colombo	teb_colombo_unique_01	false
teb_colombo	teb_colombo_gem	false
teb_colombo	teb_colombo_wine	false
teb_colombo	teb_colombo_scroll	false
teb_colombo	teb_colombo_unique_ward	false
teb_colombo	teb_colombo_unique_best	false
teb_colombo	teb_colombo_unique_marksmen	false
teb_colombo	teb_colombo_unique_antirogue	false
teb_colombo	teb_colombo_unique_trantio	false
teb_colombo	teb_colombo_double	false
teb_colombo	teb_colombo_hold_the_line	false
teb_colombo	teb_colombo_battle_00	false
teb_colombo	teb_colombo_battle_01	false
teb_colombo	teb_colombo_battle_02	false
teb_colombo	teb_colombo_battle_03	false
teb_colombo	teb_colombo_battle_04	false
teb_colombo	teb_colombo_battle_05	false
teb_colombo	teb_colombo_battle_06	false
teb_colombo	teb_colombo_battle_07	false
teb_colombo	teb_colombo_battle_08	false
teb_colombo	teb_colombo_battle_09	false
teb_colombo	teb_colombo_battle_10	false
teb_colombo	teb_colombo_battle_11	false
teb_colombo	teb_colombo_battle_12	false
teb_colombo	teb_colombo_battle_13	false
teb_colombo	teb_lord_villanos_colombo	false
teb_colombo	teb_lord_bordermen_colombo	false
teb_colombo	teb_lord_tileaguy_colombo	false
