key	chance_to_replenish	max_count	unit_record	use_partial_replenishment	max_replenish_per_turn	ui_order
#mercenary_unit_groups_tables;3;db/mercenary_unit_groups_tables/ak_teb_ror						
teb_ricco	100.0000	1	teb_ricco	true	0.0670	20
teb_alcatani	100.0000	1	teb_alcatani	true	0.1000	7
teb_pirazzo	100.0000	1	teb_pirazzo	true	0.1000	10
teb_leopard	100.0000	1	teb_leopard	true	0.1000	13
teb_venators	100.0000	1	teb_venators	true	0.0670	20
teb_vespero	100.0000	1	teb_vespero	true	0.1000	13
teb_marksmen	100.0000	1	teb_marksmen	true	0.1000	13
teb_muktar	100.0000	1	teb_muktar	true	0.1000	0
teb_amazons	100.0000	1	teb_amazons	true	0.1000	0
teb_cursed	100.0000	1	teb_cursed	true	0.1000	16
teb_manflayers	100.0000	1	teb_manflayers	true	0.0670	26
teb_origo	100.0000	1	teb_origo	true	0.0670	0
teb_besiegers	100.0000	1	teb_besiegers	true	0.0670	20
teb_asarnil	100.0000	1	teb_asarnil	true	0.0670	30
teb_roc_dieterfist	100.0000	1	teb_roc_dieterfist	true	0.1000	40
teb_roc_estragon	100.0000	1	teb_roc_estragon	true	0.1000	40
teb_roc_verena	100.0000	1	teb_roc_verena	true	0.1000	40
teb_roc_strygos	100.0000	1	teb_roc_strygos	true	0.1000	40
teb_roc_broswords	100.0000	1	teb_roc_broswords	true	0.1000	40
teb_roc_gwatch	100.0000	1	teb_roc_gwatch	true	0.1000	40
teb_tichi	100.0000	1	teb_tichi	true	0.0670	24
teb_roc_kotss	100.0000	1	teb_roc_kotss	true	0.1000	40
teb_roc_organ	100.0000	1	teb_roc_organ	true	0.1000	40
teb_roc_gunn	100.0000	1	teb_roc_gunn	true	0.1000	40
teb_roc_montecastello	100.0000	1	teb_roc_montecastello	true	0.1000	40
teb_bronzino_limbered	100.0000	1	teb_bronzino_limbered	true	0.1000	16
teb_bronzino	100.0000	1	teb_bronzino	true	0.1000	16
teb_birdmen	100.0000	1	teb_birdmen	true	0.1000	16
teb_tank_ror	100.0000	1	teb_tank_ror	true	0.1000	0
