faction_key	unit_key
#faction_rebellion_units_junctions_tables;0;db/faction_rebellion_units_junctions_tables/ak_teb	
wh2_dlc09_rogue_pilgrims_of_myrmidia	teb_pavisiers
wh2_dlc09_rogue_pilgrims_of_myrmidia	teb_pikemen
wh2_dlc09_rogue_pilgrims_of_myrmidia	teb_kotrs
wh2_main_rogue_gerhardts_mercenaries	teb_pavisiers
wh2_main_rogue_gerhardts_mercenaries	teb_pikemen
wh2_main_rogue_gerhardts_mercenaries	teb_montante_greatswords
wh2_main_rogue_gerhardts_mercenaries	teb_conqui_adventurers
wh2_main_rogue_gerhardts_mercenaries	teb_conqui_lancers
wh2_main_rogue_pirates_of_the_far_sea	teb_sartosan_pirates
wh2_main_rogue_pirates_of_the_far_sea	teb_swash
wh2_main_rogue_pirates_of_the_southern_ocean	teb_sartosan_pirates
wh2_main_rogue_pirates_of_the_southern_ocean	teb_swash
wh2_main_rogue_pirates_of_trantio	teb_sartosan_pirates
wh2_main_rogue_pirates_of_trantio	teb_swash
wh_main_teb_border_princes	teb_enforcers
wh_main_teb_border_princes	teb_militia_archers
wh_main_teb_border_princes	teb_light_scouts
wh_main_teb_border_princes	teb_border_rangers
wh_main_teb_border_princes	teb_swash
wh_main_teb_border_princes_rebels	teb_enforcers
wh_main_teb_border_princes_rebels	teb_militia_archers
wh_main_teb_border_princes_rebels	teb_light_scouts
wh_main_teb_border_princes_rebels	teb_border_rangers
wh_main_teb_border_princes_rebels	teb_swash
wh_main_teb_estalia	teb_pikemen
wh_main_teb_estalia	teb_conqui_adventurers
wh_main_teb_estalia	teb_conqui_lancers
wh_main_teb_estalia_rebels	teb_pikemen
wh_main_teb_estalia_rebels	teb_conqui_adventurers
wh_main_teb_estalia_rebels	teb_conqui_lancers
wh_main_teb_estalia	teb_montante_greatswords
wh_main_teb_estalia_rebels	teb_montante_greatswords
wh_main_teb_tilea	teb_pavisiers
wh_main_teb_tilea	teb_pikemen
wh_main_teb_tilea	teb_montante_greatswords
wh_main_teb_tilea	teb_broken_lances
wh_main_teb_tilea_rebels	teb_pavisiers
wh_main_teb_tilea_rebels	teb_pikemen
wh_main_teb_tilea_rebels	teb_montante_greatswords
wh_main_teb_tilea_rebels	teb_broken_lances
wh_main_teb_bilbali	teb_pikemen
wh_main_teb_bilbali	teb_conqui_adventurers
wh_main_teb_bilbali	teb_conqui_lancers
wh_main_teb_lichtenburg_confederacy	teb_enforcers
wh_main_teb_lichtenburg_confederacy	teb_militia_archers
wh_main_teb_lichtenburg_confederacy	teb_light_scouts
wh_main_teb_lichtenburg_confederacy	teb_border_rangers
wh_main_teb_lichtenburg_confederacy	teb_swash
wh_main_teb_luccini	teb_pavisiers
wh_main_teb_luccini	teb_pikemen
wh_main_teb_luccini	teb_montante_greatswords
wh_main_teb_luccini	teb_broken_lances
wh_main_teb_magritta	teb_pikemen
wh_main_teb_magritta	teb_conqui_adventurers
wh_main_teb_magritta	teb_conqui_lancers
wh_main_teb_tobaro	teb_pavisiers
wh_main_teb_tobaro	teb_pikemen
wh_main_teb_tobaro	teb_montante_greatswords
wh_main_teb_tobaro	teb_broken_lances
