formation	sub_culture
#formations_to_subcultures_tables;0;db/formations_to_subcultures_tables/ak_teb	
test_melee_forward_simple	mixer_teb_southern_realms
test_missile_forward_simple	mixer_teb_southern_realms
test_melee_forward_simple	wh_main_teb_tilea_CB
test_missile_forward_simple	wh_main_teb_tilea_CB
test_melee_forward_simple	wh_main_teb_estalia_CB
test_missile_forward_simple	wh_main_teb_estalia_CB
test_melee_forward_simple	wh_main_teb_border_princes_CB
test_missile_forward_simple	wh_main_teb_border_princes_CB
test_melee_forward_simple	wh2_main_emp_new_world_colonies_CB
test_missile_forward_simple	wh2_main_emp_new_world_colonies_CB
