building_chain	building_instance	building_or_building_range_start_inclusive	building_range_end_inclusive	building_super_chain	cai_construction_system_category	cai_construction_system_category_group	campaign	culture	faction	sub_culture	per_faction_building_limit_start	per_faction_building_limit_end	per_faction_building_minimum_discount_when_exceeding_limit_start	per_faction_building_maximum_discount_when_exceeding_limit_start	per_faction_building_minimum_discount_when_exceeding_limit_end	per_faction_building_maximum_discount_when_exceeding_limit_end	per_faction_per_building_discount_increment_when_exceeding_limit_start	per_faction_per_building_discount_increment_when_exceeding_limit_end	per_province_building_limit_start	per_province_building_limit_end	per_province_building_minimum_discount_when_exceeding_limit_start	per_province_building_maximum_discount_when_exceeding_limit_start	per_province_building_minimum_discount_when_exceeding_limit_end	per_province_building_maximum_discount_when_exceeding_limit_end	per_province_per_building_discount_increment_when_exceeding_limit_start	per_province_per_building_discount_increment_when_exceeding_limit_end	score_end_inclusive	score_or_score_start_inclusive
#cai_construction_system_building_values_tables;0;db/cai_construction_system_building_values_tables/ak_teb_camp																												
teb_camp_inf					cai_category_military	cai_military_group					0	0	1000	1000	1000	1000	0	0	0	0	510	510	510	510	0	0	1100	1500
teb_camp_cavalry					cai_category_military	cai_military_group					0	0	1000	1000	1000	1000	0	0	0	0	510	510	510	510	0	0	1100	1500
teb_camp_replenish					cai_category_support	cai_support_group					-1	-1	0	0	0	0	0	0	-1	-1	0	0	0	0	0	0	50	250
teb_camp_growth					cai_category_support	cai_support_group					-1	-1	0	0	0	0	0	0	-1	-1	0	0	0	0	0	0	200	1000
teb_camp_artillery					cai_category_military	cai_military_group					0	0	1000	1000	1000	1000	0	0	0	0	510	510	510	510	0	0	1100	1500
teb_camp_missile					cai_category_support	cai_support_group					-1	-1	0	0	0	0	0	0	-1	-1	0	0	0	0	0	0	50	250
teb_camp_port					cai_category_military	cai_military_group					0	0	1000	1000	1000	1000	0	0	0	0	510	510	510	510	0	0	1100	1500
teb_camp_recr					cai_category_basic	cai_support_group					-1	-1	0	0	0	0	0	0	-1	-1	0	0	0	0	0	0	50	250
teb_camp_main					cai_category_support	cai_support_group					-1	-1	0	0	0	0	0	0	-1	-1	0	0	0	0	0	0	200	1000
teb_camp_upk					cai_category_support	cai_support_group					-1	-1	0	0	0	0	0	0	-1	-1	0	0	0	0	0	0	50	250
