character_skill	character_skill_node	level
#character_skill_nodes_skill_locks_tables;0;db/character_skill_nodes_skill_locks_tables/ak_teb_ll		
teb_lucrezzia_marriage_tobaro	teb_lucrezzia_marriage_magritta	1
teb_lucrezzia_marriage_tobaro	teb_lucrezzia_marriage_free	1
teb_lucrezzia_marriage_magritta	teb_lucrezzia_marriage_free	1
teb_lucrezzia_marriage_magritta	teb_lucrezzia_marriage_tobaro	1
teb_lucrezzia_marriage_free	teb_lucrezzia_marriage_tobaro	1
teb_lucrezzia_marriage_free	teb_lucrezzia_marriage_magritta	1
teb_lucrezzia_marriage_tobaro	teb_lucrezzia_marriage_bilbali	1
teb_lucrezzia_marriage_magritta	teb_lucrezzia_marriage_bilbali	1
teb_lucrezzia_marriage_free	teb_lucrezzia_marriage_bilbali	1
teb_lucrezzia_marriage_bilbali	teb_lucrezzia_marriage_magritta	1
teb_lucrezzia_marriage_bilbali	teb_lucrezzia_marriage_free	1
teb_lucrezzia_marriage_bilbali	teb_lucrezzia_marriage_tobaro	1
teb_cadavo_story5a	teb_cadavo_story5b	1
teb_cadavo_story5a	teb_cadavo_story5c	1
teb_cadavo_story5b	teb_cadavo_story5a	1
teb_cadavo_story5b	teb_cadavo_story5c	1
teb_cadavo_story5c	teb_cadavo_story5a	1
teb_cadavo_story5c	teb_cadavo_story5b	1
