bonus_value_id	effect	effect_bonus_will_modify
#effect_bonus_value_provincial_initiative_effect_record_junctions_tables;1;db/effect_bonus_value_provincial_initiative_effect_record_junctions_tables/ak_teb		
value_addition	teb_edict_add_port_income	wh_main_effect_economy_gdp_mod_trade_sea
value_addition	teb_edict_remove_security	wh_main_effect_agent_action_success_chance_enemy
value_addition	teb_edict_remove_order	wh_main_effect_public_order_edict
value_addition	teb_edict_add_tax	wh_main_effect_economy_gdp_mod_all
value_addition	teb_edict_add_order_tax	teb_edict_base_order_tax
value_addition	teb_edict_add_order	teb_edict_base_order
value_addition	teb_edict_add_growth	teb_edict_base_growth
value_addition	teb_edict_remove_recr	wh_main_effect_unit_recruitment_points
value_addition	teb_edict_add_replenish	wh_main_effect_force_all_campaign_replenishment_rate
value_addition	teb_edict_add_hero_recr	teb_merc_captain_recr
value_addition	teb_edict_add_diplo_all	wh2_main_faction_political_diplomacy_mod_men_high_elves
value_addition	teb_edict_add_constr_cost	teb_edict_base_constr_cost
value_addition	teb_edict_add_tech	teb_edict_base_tech
