building_chain	settlement_type	exclude
#settlement_type_to_building_chains_junctions_tables;1;db/settlement_type_to_building_chains_junctions_tables/ak_teb		
teb_allied_outpost	wh3_dlc23_chd_factory	false
teb_allied_outpost	wh3_dlc23_chd_outpost	false
teb_allied_outpost	wh3_dlc23_chd_tower	false
teb_allied_outpost	wh3_dlc27_dechala_pleasure_palace	false
teb_allied_outpost	wh3_dlc27_dechala_thrall_camp	false
teb_allied_outpost	wh3_dlc27_dechala_war_pit	false
teb_allied_outpost	wh3_dlc27_norsca_altars_kho	false
teb_allied_outpost	wh3_dlc27_norsca_altars_nur	false
teb_allied_outpost	wh3_dlc27_norsca_altars_sla	false
teb_allied_outpost	wh3_dlc27_norsca_altars_tze	false
teb_allied_outpost	wh3_dlc27_norsca_altars_und	false
teb_allied_outpost	wh3_dlc27_norsca_core_settlement	false
teb_allied_outpost	wh3_dlc29_chs_dark_fortress	false
teb_allied_outpost	wh3_dlc29_nag_chambers	false
teb_allied_outpost	wh3_dlc29_nag_cove	false
teb_allied_outpost	wh3_dlc29_nag_mausoleum	false
teb_allied_outpost	wh3_dlc29_nag_necropolis	false
teb_allied_outpost	wh3_dlc29_woc_glottkin_garden_of_nurgle_major	false
teb_allied_outpost	wh3_main_dae_khorne	false
teb_allied_outpost	wh3_main_dae_nurgle	false
teb_allied_outpost	wh3_main_dae_slaanesh	false
teb_allied_outpost	wh3_main_dae_tzeentch	false
