unit	military_group
#units_to_groupings_military_permissions_tables;0;db/units_to_groupings_military_permissions_tables/ak_teb_wizz	
wh_main_emp_cha_wizard_heavens_0	tilea
wh_main_emp_cha_wizard_heavens_1	tilea
wh_main_emp_cha_wizard_heavens_2	tilea
wh_main_emp_cha_wizard_heavens_4	tilea
wh_main_emp_cha_wizard_light_0	tilea
wh_main_emp_cha_wizard_light_1	tilea
wh_main_emp_cha_wizard_light_2	tilea
wh_main_emp_cha_wizard_light_4	tilea
wh_main_emp_cha_wizard_heavens_0	estalia
wh_main_emp_cha_wizard_heavens_1	estalia
wh_main_emp_cha_wizard_heavens_2	estalia
wh_main_emp_cha_wizard_heavens_4	estalia
wh_main_emp_cha_wizard_light_0	estalia
wh_main_emp_cha_wizard_light_1	estalia
wh_main_emp_cha_wizard_light_2	estalia
wh_main_emp_cha_wizard_light_4	estalia
wh_main_emp_cha_wizard_heavens_0	borders
wh_main_emp_cha_wizard_heavens_1	borders
wh_main_emp_cha_wizard_heavens_2	borders
wh_main_emp_cha_wizard_heavens_4	borders
wh_main_emp_cha_wizard_light_0	borders
wh_main_emp_cha_wizard_light_1	borders
wh_main_emp_cha_wizard_light_2	borders
wh_main_emp_cha_wizard_light_4	borders
wh_main_teb_cha_wizard_fire_2	tilea
wh_main_teb_cha_wizard_fire_3	tilea
wh_main_teb_cha_wizard_fire_2	estalia
wh_main_teb_cha_wizard_fire_3	estalia
wh_main_teb_cha_wizard_fire_2	borders
wh_main_teb_cha_wizard_fire_3	borders
