key	human_only	payload_base
#ritual_payloads_tables;0;db/ritual_payloads_tables/ak_teb_anci		
wh_main_anc_weapon_fencers_blades	false	
wh_main_anc_weapon_hellfire_sword	false	
wh2_dlc12_anc_weapon_retractable_fistblade	false	
wh_main_anc_weapon_ogre_blade	false	
wh_main_anc_weapon_shrieking_blade	false	
wh_main_anc_weapon_skabscrath	false	
wh_main_anc_weapon_sword_of_bloodshed	false	
wh2_dlc09_anc_weapon_blade_of_antarhak	false	
wh2_dlc09_anc_weapon_destroyer_of_eternities	false	
wh2_main_anc_weapon_blade_of_bel_korhadris	false	
wh2_main_anc_weapon_blade_of_leaping_gold	false	
wh2_main_anc_weapon_caledors_bane	false	
wh2_main_anc_armour_dragonscale_shield	false	
wh2_main_anc_armour_helm_of_fortune	false	
wh2_main_anc_armour_the_bane_shield	false	
wh2_dlc09_anc_armour_armour_helmet_of_khsar	false	
wh2_main_anc_armour_armour_of_the_stars	false	
wh2_main_anc_armour_the_maiming_shield	false	
wh_main_anc_armour_armour_of_fortune	false	
tebuary_spear_heartseeker	false	
wh_dlc03_anc_armour_trollhide	false	
wh_main_anc_armour_the_armour_of_meteoric_iron	false	
wh_main_anc_armour_tricksters_helm	false	
wh2_main_anc_armour_helm_of_the_kraken	false	
wh_dlc07_anc_armour_gilded_cuirass	false	
wh2_dlc09_anc_armour_armour_armour_of_dawn	false	
wh2_main_anc_armour_chromatic_armour	false	
wh2_main_anc_armour_rocket_boots	false	
wh2_main_anc_armour_shroud_of_death	false	
wh2_main_anc_armour_skull_helmet	false	
wh2_main_anc_armour_winged_boots	false	
wh2_dlc09_anc_armour_scorpion_armour	false	
wh2_dlc09_anc_talisman_sun_scarab	false	
wh2_main_anc_talisman_pearl_of_infinite_blackness	false	
wh2_main_anc_talisman_amulet_of_itzl	false	
wh2_main_anc_talisman_shadow_magnet_trinket	false	
wh2_main_anc_talisman_crown_of_black_iron	false	
wh2_main_anc_talisman_talisman_of_saphery	false	
wh2_dlc09_anc_talisman_golden_eye_of_rah_nutt	false	
wh2_main_anc_talisman_aura_of_quetzl	false	
wh2_dlc09_anc_talisman_golden_ankhra	false	
wh2_main_anc_talisman_deathmask	false	
wh2_main_anc_talisman_ring_of_hotek	false	
wh2_main_anc_talisman_vambraces_of_defence	false	
wh2_main_anc_talisman_the_black_amulet	false	
wh2_main_anc_talisman_amulet_of_foresight	false	
wh2_main_anc_talisman_emerald_collar	false	
wh2_dlc09_anc_talisman_amulet_of_pha_stah	false	
wh2_main_anc_enchanted_item_the_guiding_eye	false	
wh2_dlc09_anc_enchanted_item_death_mask_of_kharnut	false	
wh2_main_anc_enchanted_item_divine_plaque_of_protection	false	
wh2_main_anc_enchanted_item_khaines_ring_of_fury	false	
wh_main_anc_enchanted_item_fiery_ring_of_thori	false	
wh_main_anc_enchanted_item_pendant_of_slaanesh	true	
wh2_dlc09_anc_enchanted_item_shroud_of_sokth	false	
wh2_main_anc_enchanted_item_the_book_of_the_phoenix	false	
wh2_main_anc_enchanted_item_the_cloak_of_feathers	false	
wh2_main_anc_enchanted_item_the_horn_of_kygor	false	
wh_main_anc_enchanted_item_rod_of_flaming_death	false	
wh2_main_anc_enchanted_item_folariaths_robe	false	
wh2_main_anc_enchanted_item_black_dragon_egg	false	
wh2_main_anc_enchanted_item_rubric_of_dark_dimensions	false	
wh_dlc07_anc_enchanted_item_mane_of_the_purebreed	false	
wh2_main_anc_enchanted_item_blessed_tome	false	
wh2_main_anc_enchanted_item_box_of_eerie_noises	false	
wh2_main_anc_enchanted_item_brass_horn	false	
wh2_main_anc_enchanted_item_chest_of_sustenance	false	
wh2_main_anc_enchanted_item_enchanted_spyglass	false	
wh2_main_anc_enchanted_item_gilded_horn_of_galon_konook	false	
wh2_main_anc_enchanted_item_ring_of_hukon	false	
wh2_dlc09_anc_enchanted_item_vambraces_of_the_sun	false	
tebuary_ser_generic	false	
tebuary_ugoletti	false	
tebuary_renegade_crown	true	
tebuary_jewel_sword	false	
tebuary_idol_myrmidia	false	
tebuary_secrets	false	
tebuary_shield_myrmidia	false	
tebuary_retractable_fistblade	false	
tebuary_duellist_cloak	false	
tebuary_conspi_hood	false	
teb_merc_general_griffon	false	
til_merchant_bear	false	
