id	building_level	unit_group
#building_level_armed_citizenry_junctions_tables;1;db/building_level_armed_citizenry_junctions_tables/ak_teb		
3011990	teb_ritual_exploit_2	wh_main_emp_cav_empire_knights
3011991	teb_ritual_trade_2	wh_main_emp_cav_empire_knights
3011992	teb_ritual_exploit_2	wh_main_emp_cav_empire_knights
3011993	teb_ritual_trade_2	wh_main_emp_cav_empire_knights
3011994	teb_ritual_exploit_2	wh_main_emp_inf_handgunners
3011995	teb_ritual_trade_2	wh_main_emp_inf_handgunners
3011996	teb_lothern_bad	wh_main_emp_cav_empire_knights
3011997	teb_lothern_bad	teb_pavisiers
3011998	teb_lothern_bad	teb_pavisiers
3011999	teb_lothern_good	teb_pikemen
3012000	teb_lothern_good	teb_pikemen
3012001	teb_luccini_acropolis	teb_defence_big_2
3012013	teb_tobaro_deep	teb_defence_small_2
3012020	teb_tobaro_deep	wh_main_emp_inf_greatswords
3012021	teb_garrison_big_1	teb_defence_big_0
3012022	teb_garrison_big_2	teb_defence_big_1
3012023	teb_garrison_big_3	teb_defence_big_2
3012024	teb_garrison_big_4	teb_defence_big_3
3012025	teb_garrison_big_5	teb_defence_big_3
3012026	teb_garrison_big_5	wh_main_emp_art_mortar
3012027	teb_garrison_big_5	teb_pavisiers
3012028	teb_garrison_big_5	teb_conqui_royal_guard
3012029	teb_garrison_big_5	teb_guard_kossars
3012030	teb_garrison_small_1	teb_defence_small_0
3012031	teb_garrison_small_2	teb_defence_small_1
3012032	teb_garrison_small_3	teb_defence_small_2
3012033	teb_worship_myrmidia_3	teb_kotrs
3012034	teb_worship_myrmidia_4	teb_kotrs
3012035	teb_worship_myrmidia_5	teb_kotrs
3012036	teb_worship_myrmidia_3_magritta	teb_kotrs
3012037	teb_worship_myrmidia_4_magritta	teb_kotrs
3012038	teb_worship_myrmidia_4_magritta	teb_bwatch
3012039	teb_worship_myrmidia_5_magritta	teb_kotrs
3012040	teb_worship_myrmidia_5_magritta	teb_bwatch
3012041	teb_worship_myrmidia_5_magritta	teb_bwatch
3012042	teb_garrison_big_3	teb_merc_captain
3012043	teb_garrison_big_4	teb_merc_captain
3012044	teb_garrison_big_5	teb_merc_captain
3012045	teb_garrison_small_3	teb_merc_captain
3012046	teb_luccini_acropolis	teb_merc_captain
3012047	teb_tobaro_deep	teb_merc_captain
3012048	teb_tylos_settlement_1	wh_main_emp_settlement_major_1
3012049	teb_tylos_settlement_2	wh_main_emp_settlement_major_2
3012050	teb_tylos_settlement_3	wh_main_emp_settlement_major_3
3012051	teb_tylos_settlement_4	wh_main_emp_settlement_major_4
3012052	teb_tylos_settlement_5	wh_main_emp_settlement_major_5
3012053	teb_tylos_settlement_2	teb_republican_guard
3012054	teb_tylos_settlement_3	teb_republican_guard
3012055	teb_tylos_settlement_4	teb_republican_guard
3012056	teb_tylos_settlement_5	teb_republican_guard
3012057	teb_allied_outpost_1	teb_half_pikes
3012058	teb_allied_outpost_1	teb_half_pikes
3012059	teb_allied_outpost_1	teb_xbowmen
3012060	teb_allied_outpost_2	teb_half_pikes
3012061	teb_allied_outpost_2	teb_xbowmen
3012062	teb_allied_outpost_2	teb_pikemen
3012063	teb_allied_outpost_3	teb_xbowmen
3012064	teb_allied_outpost_3	teb_pikemen
3012065	teb_allied_outpost_3	teb_pikemen
3012066	teb_morgheim_gashnag	teb_shieldbearers
3012067	teb_morgheim_gashnag_bad	wh_main_vmp_inf_crypt_ghouls
3012068	teb_morgheim_gashnag_bad	wh_main_vmp_inf_crypt_ghouls
3012069	teb_luccini_acropolis_2	teb_defence_big_2
3012070	teb_luccini_acropolis_2	teb_merc_captain
3012071	teb_luccini_acropolis_2	teb_pikemen
3012072	teb_luccini_acropolis_2	teb_shieldbearers
3012073	teb_luccini_acropolis_major	teb_defence_big_2
3012074	teb_luccini_acropolis_major	teb_merc_captain
3012075	teb_luccini_acropolis_major_2	teb_defence_big_3
3012076	teb_luccini_acropolis_major_2	teb_merc_captain
3012077	teb_luccini_acropolis_major_2	teb_pikemen
3012078	teb_luccini_acropolis_major_2	teb_shieldbearers
3012079	teb_luccini_acropolis_major_2	wh_main_emp_art_mortar
3012080	teb_luccini_acropolis_major_2	teb_pavisiers
3012081	teb_luccini_acropolis_major_2	teb_conqui_royal_guard
3012082	teb_luccini_acropolis_major_2	teb_guard_kossars
3012083	teb_luccini_acropolis_major_2	teb_noble_retinue
3012084	teb_luccini_acropolis_major_2	teb_freelance_knights
3012085	teb_montecastello_special	teb_pikemen
3012086	teb_montecastello_special	teb_pikemen
3012087	teb_montecastello_special	teb_shieldbearers
3012088	teb_special_sentinels	teb_handgunners
3012089	teb_special_sentinels	teb_handgunners
3012090	teb_pavona_lucy_2	teb_encarmine
3012091	teb_pavona_lucy_3	teb_encarmine
3012092	teb_pavona_lucy_3	teb_montante_greatswords
3012093	teb_worship_shallya_3_couronne	teb_montante_greatswords
3012094	teb_worship_shallya_4_couronne	teb_montante_greatswords
3012095	teb_worship_shallya_5_couronne	teb_montante_greatswords
3012096	teb_worship_shallya_5_couronne	teb_montante_greatswords
3012097	teb_worship_shallya_3_couronne	teb_shieldbearers
3012098	teb_worship_shallya_4_couronne	teb_shieldbearers
3012099	teb_worship_shallya_5_couronne	teb_shieldbearers
3012100	teb_worship_shallya_5_couronne	teb_shieldbearers
3012101	teb_special_windmills_lupio_1	teb_pikemen
3012102	teb_special_windmills_lupio_1	teb_handgunners
3012103	teb_special_windmills_lupio_2	teb_pikemen
3012104	teb_special_windmills_lupio_2	teb_conqui_royal_guard
3012105	teb_special_windmills_lupio_2	teb_conqui_royal_guard
3012106	teb_special_windmills	teb_pikemen
3012107	wh_main_sch_special_moot_cauldron_1	teb_xbowmen
3012108	wh_main_sch_special_moot_cauldron_1	teb_xbowmen
3012109	wh_main_special_nuln_cannon_foundry	teb_handgunners
3012110	wh_main_special_nuln_cannon_foundry	teb_handgunners
3012111	wh_main_special_nuln_cannon_foundry	teb_handgunners
3012112	wh_main_special_nuln_gunnery_school	teb_handgunners
3012113	wh_main_special_nuln_gunnery_school	teb_handgunners
3012114	wh_main_special_nuln_gunnery_school	teb_handgunners
