character_skill_key	effect_key	level	effect_scope	value
#character_skill_level_to_effects_junctions_tables;1;db/character_skill_level_to_effects_junctions_tables/ak_teb_lll				
teb_cadavo_innate	wh2_main_effect_building_construction_time_mod_all	1	character_to_region_own_provincewide	-33.0000
teb_cadavo_innate	teb_diplomacy_mazdamundi	1	character_to_faction_unseen	-50.0000
teb_cadavo_innate	wh2_dlc11_enable_immortal_hidden	1	character_to_character_own	1.0000
teb_cadavo_story1	wh_main_effect_force_all_campaign_replenishment_rate	1	general_to_force_own	5.0000
teb_cadavo_story1	teb_cadavo_alcatani_morale	1	general_to_force_own_unseen	-100.0000
teb_cadavo_story2	wh_main_effect_character_stat_bonus_vs_infantry	1	character_to_character_own	10.0000
teb_cadavo_story3	wh_main_effect_character_stat_bonus_vs_infantry	1	character_to_character_own	5.0000
teb_cadavo_story3	wh_main_effect_force_all_campaign_replenishment_rate	1	general_to_force_own	10.0000
teb_cadavo_story4	teb_cadavo_pistolshot2	1	character_to_character_own	1.0000
teb_cadavo_story4	wh_main_effect_attribute_enable_causes_fear	1	character_to_character_own	1.0000
teb_cadavo_story4	wh_main_effect_force_all_campaign_upkeep	1	general_to_force_own	-20.0000
teb_cadavo_story5a	wh_main_effect_force_stat_melee_attack_cavalry	1	general_to_force_own	5.0000
teb_cadavo_story5a	enable_teb_lanceform	1	general_to_force_own	1.0000
teb_cadavo_story5a	wh_main_effect_force_stat_charge_bonus_pct	1	general_to_force_own	10.0000
teb_cadavo_story5b	wh_main_effect_attribute_enable_unbreakable	1	character_to_character_own	1.0000
teb_cadavo_story5b	wh_main_effect_ability_enable_hold_the_line	1	character_to_character_own	1.0000
teb_cadavo_story5b	wh_main_effect_character_mod_ancillary_steal	1	character_to_army_general_own_unseen	15.0000
teb_cadavo_story5c	wh_main_effect_force_all_campaign_replenishment_rate_horde	1	general_to_force_own	10.0000
teb_cadavo_story5c	wh2_main_effect_force_all_campaign_sacking_income	1	character_to_character_own	30.0000
teb_cadavo_story5c	wh_main_effect_force_all_campaign_raid_income	1	general_to_force_own_unseen	30.0000
teb_cadavo_unique_warhorse	wh_main_effect_enable_mount_barded_warhorse	1	character_to_character_own	1.0000
teb_cadavo_buff_pirates	teb_cadavo_buff_pirates_morale	1	general_to_force_own	5.0000
teb_cadavo_buff_pirates	teb_cadavo_buff_pirates_dakka	1	general_to_force_own	5.0000
teb_cadavo_buff_pirates	teb_cadavo_buff_pirates_melee	1	general_to_force_own	5.0000
teb_cadavo_buff_pirates	teb_cadavo_buff_pirates_morale	2	character_to_force_own_factionwide	5.0000
teb_cadavo_buff_pirates	teb_cadavo_buff_pirates_dakka	2	character_to_force_own_factionwide	5.0000
teb_cadavo_buff_pirates	teb_cadavo_buff_pirates_melee	2	character_to_force_own_factionwide	5.0000
teb_cadavo_buff_dirty	enable_teb_cadavo_dirty	1	general_to_force_own	1.0000
teb_cadavo_buff_pirates2	teb_cadavo_buff_pirates_attack	1	general_to_force_own	5.0000
teb_cadavo_buff_pirates2	teb_cadavo_buff_pirates_dmg	1	general_to_force_own	5.0000
teb_cadavo_buff_pirates2	teb_cadavo_buff_pirates_attack	2	character_to_force_own_factionwide	5.0000
teb_cadavo_buff_pirates2	teb_cadavo_buff_pirates_dmg	2	character_to_force_own_factionwide	5.0000
teb_cadavo_unique_lucky	wh_main_effect_character_stat_ward_save	1	character_to_character_own	8.0000
teb_cadavo_unique_lucky	wh_main_effect_character_wound_recovery_time_mod	1	character_to_character_own	-1.0000
teb_cadavo_unique_lucky	wh_main_effect_character_wound_recovery_time_mod	2	character_to_character_own	-2.0000
teb_cadavo_unique_lucky	wh_main_effect_character_stat_ward_save	2	character_to_character_own	16.0000
teb_cadavo_unique_lucky	wh_main_effect_character_wound_recovery_time_mod	3	character_to_character_own	-3.0000
teb_cadavo_unique_lucky	wh_main_effect_character_stat_ward_save	3	character_to_character_own	25.0000
teb_cadavo_unique_founder	wh2_main_faction_political_diplomacy_mod_lizardmen	1	character_to_faction_unseen	-20.0000
teb_cadavo_unique_founder	wh_main_effect_province_growth_characters	1	character_to_province_own	50.0000
teb_colombo_unique_marksmen	wh_main_effect_force_stat_ammunition_infantry_ranged	1	general_to_force_own	10.0000
teb_colombo_unique_marksmen	wh_main_effect_force_stat_range	1	general_to_force_own	6.0000
teb_colombo_unique_marksmen	wh_main_effect_force_stat_missile_damage_infantry	1	general_to_force_own	10.0000
teb_colombo_unique_antirogue	teb_fear_vs_rogue	1	character_to_force_own_factionwide	1.0000
teb_colombo_unique_antirogue	wh2_main_effect_force_stat_leadership_vs_rogue_armies	1	character_to_force_own_factionwide	5.0000
teb_colombo_unique_antirogue	wh2_main_effect_character_stat_weapon_strength_vs_forces_of_destruction	1	character_to_force_own_factionwide	5.0000
teb_colombo_innate	wh2_dlc11_enable_immortal_hidden	1	character_to_character_own	1.0000
teb_colombo_innate	wh2_main_faction_political_diplomacy_mod_lizardmen	1	character_to_faction_unseen	30.0000
teb_colombo_innate	wh_main_effect_agent_movement_range_mod	1	character_to_character_own	8.0000
teb_colombo_innate	wh_main_effect_force_army_campaign_ambush_defence_success_chance	1	general_to_force_own	25.0000
teb_colombo_contact	wh2_main_faction_political_diplomacy_mod_lizardmen	1	character_to_faction_unseen	10.0000
teb_colombo_contact	wh_main_effect_economy_trade_good_commodity_mod	1	character_to_faction	5.0000
teb_colombo_contact	wh_main_effect_economy_gdp_mod_trade_sea	1	character_to_province_own	5.0000
teb_colombo_befriend1	wh2_main_faction_political_diplomacy_mod_lizardmen	1	character_to_faction_unseen	15.0000
teb_colombo_befriend1	wh_main_effect_economy_trade_good_commodity_mod	1	character_to_faction	5.0000
teb_colombo_befriend1	wh_main_effect_economy_gdp_mod_trade_sea	1	character_to_province_own	5.0000
teb_colombo_befriend1	wh2_main_faction_political_diplomacy_mod_lizardmen	2	character_to_faction_unseen	15.0000
teb_colombo_befriend1	wh3_main_effect_corruption_reduction_characters	2	character_to_province_own_factionwide	-1.0000
teb_colombo_befriend1	wh_main_effect_economy_trade_good_commodity_mod	2	character_to_faction	5.0000
teb_colombo_befriend1	wh_main_effect_economy_gdp_mod_trade_sea	2	character_to_province_own	5.0000
teb_colombo_befriend1	wh_main_effect_force_army_campaign_attrition_swamp_resistance	2	character_to_force_own_provincewide	-50.0000
teb_colombo_befriend2	wh2_main_faction_political_diplomacy_mod_lizardmen	1	character_to_faction_unseen	15.0000
teb_colombo_befriend2	wh3_main_effect_corruption_reduction_characters	1	character_to_province_own_factionwide	-1.0000
teb_colombo_befriend2	wh2_main_effect_army_ability_enable_holy_stela	1	character_to_force_own_provincewide	1.0000
teb_colombo_befriend2	wh_main_effect_force_stat_magic_resistance	1	character_to_force_own_provincewide	15.0000
teb_colombo_vsCHS	wh_main_effect_character_stat_leadership_aura_size_vs_chaos	1	character_to_character_own	10.0000
teb_colombo_vsCHS	wh_dlc06_effect_force_stat_weapon_strength_vs_chaos_norsca	1	general_to_force_own	10.0000
teb_colombo_vsDELF	wh2_main_effect_force_stat_melee_defence_vs_dark_elves	1	general_to_force_own	5.0000
teb_colombo_vsDELF	wh2_main_effect_force_stat_leadership_vs_dark_elves	1	general_to_force_own	5.0000
teb_colombo_vsGRN	wh2_main_effect_attribute_enable_causes_fear_vs_grn	1	general_to_force_own	1.0000
teb_colombo_vsGRN	wh_main_effect_force_stat_leadership_vs_greenskins	1	general_to_force_own	3.0000
teb_colombo_vsUND	teb_fear_vs_undead	1	general_to_force_own	1.0000
teb_colombo_vsUND	wh_main_effect_force_stat_leadership_vs_undead	1	general_to_force_own	5.0000
teb_colombo_vsSKV	wh2_main_effect_force_stat_melee_attack_vs_skaven	1	general_to_force_own	5.0000
teb_colombo_vsSKV	wh2_main_effect_force_stat_weapon_strength_vs_skaven	1	general_to_force_own	10.0000
teb_colombo_vsBST	wh_main_effect_force_stat_leadership_vs_beastmen	1	general_to_force_own	8.0000
teb_colombo_vsBST	wh2_main_effect_force_stat_weapon_strength_vs_beastmen	1	general_to_force_own	8.0000
teb_colombo_vsBST	wh_dlc05_effect_force_stat_missile_damage_vs_beastmen	1	general_to_force_own	8.0000
teb_colombo_wine	enable_teb_colombo_wine	1	character_to_character_own	1.0000
teb_colombo_unique_warhorse	wh2_main_effect_enable_mount_hef_barded_ithilmar_steed	1	character_to_character_own	1.0000
teb_colombo_unique_trantio	teb_colombo_trantio	1	character_to_force_own_factionwide	3.0000
teb_colombo_befriend3	wh3_main_effect_corruption_reduction_characters	1	character_to_province_own_factionwide	-1.0000
teb_colombo_befriend3	teb_vslarge_antilzd	1	character_to_force_own_factionwide	5.0000
teb_colombo_befriend3	teb_def_antilzd	1	character_to_force_own_factionwide	5.0000
teb_colombo_befriend3	wh_main_effect_agent_recruitment_xp_wizard_empire	1	faction_to_province_own	2.0000
teb_colombo_vsUND	wh2_dlc11_effect_tech_xp_gain_increase_vampire_coast	1	general_to_force_own	100.0000
teb_cadavo_ultimate	wh_main_effect_character_stat_melee_defence	1	character_to_character_own	8.0000
teb_cadavo_ultimate	wh_main_effect_character_stat_speed	1	character_to_character_own	8.0000
teb_cadavo_ultimate	wh_main_effect_character_stat_weapon_strength	1	character_to_character_own	8.0000
teb_eldaddio_innate	wh2_main_effect_grant_immortality_lord	1	character_to_character_own	1.0000
teb_eldaddio_innate	teb_costs_kotrs_sisters	1	general_to_force_own	20.0000
teb_eldaddio_innate	wh_main_effect_force_all_campaign_upkeep	1	general_to_force_own	-20.0000
teb_eldaddio_innate	wh2_dlc11_enable_immortal_hidden	1	character_to_character_own	1.0000
teb_eldaddio_innate	teb_cadavo_alcatani_morale	1	general_to_force_own	-100.0000
teb_eldaddio_innate	teb_eldaddio_gunpowder_cost	1	general_to_force_own	30.0000
teb_eldaddio_innate	teb_eldaddio_gunpowder_reload	1	general_to_force_own	-10.0000
teb_eldaddio_cantankerous	wh2_main_effect_force_stat_melee_attack_vs_human	1	general_to_force_own	5.0000
teb_eldaddio_cantankerous	wh_main_effect_force_stat_leadership_vs_men	1	general_to_force_own	5.0000
teb_eldaddio_contact	teb_eldaddio_contact	1	general_to_force_own	1.0000
teb_eldaddio_okboomer	wh_main_effect_character_stat_physical_resistance	1	character_to_character_own	15.0000
teb_eldaddio_okboomer	wh_main_effect_character_stat_unit_health	1	character_to_character_own	15.0000
teb_eldaddio_oldstyle	teb_eldaddio_oldstyle_MD	1	general_to_force_own	8.0000
teb_piggolo_innate	wh2_main_effect_grant_immortality_lord	1	character_to_character_own	1.0000
teb_piggolo_innate	wh2_dlc17_effect_ability_enable_guardian_lords_heroes	1	agent_to_parent_army_own	1.0000
teb_piggolo_innate	wh_main_effect_province_growth_characters	1	faction_to_province_own	10.0000
teb_piggolo_unique_01	teb_piggolo_beasts_spellcasters	1	agent_to_parent_army_own	1.0000
teb_piggolo_unique_01	wh_main_effect_character_stat_leadership_aura_size	1	character_to_character_own	25.0000
teb_piggolo_unique_01	wh_main_effect_province_growth_characters	1	character_to_province_own	20.0000
teb_piggolo_unique_02	wh_main_effect_agent_defence_wound_chance_mod	1	character_to_character_own	10.0000
teb_piggolo_unique_02	wh_main_effect_character_stat_melee_defence	1	character_to_character_own	10.0000
teb_piggolo_unique_03	wh_main_effect_force_stat_melee_defence	1	faction_to_force_own	1.0000
teb_piggolo_unique_03	wh_main_effect_force_stat_melee_attack	1	faction_to_force_own	1.0000
teb_piggolo_unique_03	wh_main_effect_force_stat_leadership	1	faction_to_force_own	1.0000
teb_piggolo_unique_03	wh2_main_effect_force_stat_weapon_strength_base	1	faction_to_force_own	1.0000
teb_piggolo_unique_03	wh_main_effect_force_stat_missile_damage	1	faction_to_force_own	1.0000
teb_piggolo_unique_03	wh2_main_effect_agent_action_passive_boost_income_effect_positive	1	faction_to_province_own	1.0000
teb_piggolo_unique_04	wh_main_effect_character_stat_unit_health	1	character_to_character_own	20.0000
teb_piggolo_unique_04	wh_main_effect_character_wound_recovery_time_mod	1	character_to_character_own	-1.0000
teb_piggolo_unique_05	wh3_main_effect_ability_enable_slime_trail	1	character_to_character_own	1.0000
teb_piggolo_unique_05	wh3_main_effect_ability_enable_swarm_of_flies	1	character_to_character_own	1.0000
teb_piggolo_unique_05	wh_main_effect_ability_enable_evasion	1	character_to_character_own	1.0000
teb_piggolo_unique_06	wh_main_effect_technology_research_points	1	character_to_faction_unseen	10.0000
teb_piggolo_unique_06	wh3_main_effect_attribute_enable_devestating_flanker	1	agent_to_parent_army_own	1.0000
teb_piggolo_self_01	wh3_main_effect_ability_enable_strategist	1	character_to_character_own	1.0000
teb_piggolo_self_02	wh_main_effect_character_stat_armour	1	character_to_character_own	10.0000
teb_piggolo_self_02	wh_main_effect_character_stat_charge_bonus_add	1	character_to_character_own	10.0000
teb_piggolo_self_02	wh_main_effect_character_stat_leadership	1	character_to_character_own	5.0000
teb_piggolo_self_02	wh_main_effect_character_stat_armour	2	character_to_character_own	15.0000
teb_piggolo_self_02	wh_main_effect_character_stat_charge_bonus_add	2	character_to_character_own	15.0000
teb_piggolo_self_02	wh_main_effect_character_stat_leadership	2	character_to_character_own	10.0000
teb_piggolo_self_02	wh_main_effect_character_wound_recovery_time_mod	1	character_to_character_own	-1.0000
teb_piggolo_self_02	wh_main_effect_character_wound_recovery_time_mod	2	character_to_character_own	-2.0000
teb_piggolo_self_03	wh_main_effect_character_stat_missile_damage	1	character_to_character_own	7.0000
teb_piggolo_self_03	wh_main_effect_character_stat_reload_time_reduction	1	character_to_character_own	7.0000
teb_piggolo_self_03	wh_main_effect_character_stat_missile_damage	2	character_to_character_own	15.0000
teb_piggolo_self_03	wh_main_effect_character_stat_reload_time_reduction	2	character_to_character_own	15.0000
teb_piggolo_self_04	wh3_main_effect_character_campaign_experience_mod	1	agent_to_parent_army_general_own	10.0000
teb_piggolo_self_04	wh3_dlc20_effect_xp_gain_all_units	1	agent_to_parent_army_general_own	10.0000
teb_piggolo_self_04	wh3_main_effect_character_campaign_experience_mod	2	agent_to_parent_army_general_own	20.0000
teb_piggolo_self_04	wh3_dlc20_effect_xp_gain_all_units	2	agent_to_parent_army_general_own	20.0000
teb_piggolo_self_05	wh_main_effect_character_mod_ancillary_drop	1	character_to_force_own_unseen	25.0000
teb_piggolo_self_05	wh_main_effect_character_mod_ancillary_steal	1	character_to_army_general_own_unseen	7.0000
teb_piggolo_self_05	wh_main_effect_character_mod_ancillary_drop	2	character_to_force_own_unseen	50.0000
teb_piggolo_self_05	wh_main_effect_character_mod_ancillary_steal	2	character_to_army_general_own_unseen	15.0000
teb_piggolo_self_06	wh3_main_effect_ability_disable_strategist	1	character_to_character_own	1.0000
teb_piggolo_self_06	wh3_main_effect_ability_enable_grand_strategist	1	character_to_character_own	1.0000
teb_piggolo_self_06	wh_main_effect_ability_enable_stand_your_ground	1	character_to_character_own	1.0000
teb_piggolo_actions	wh2_main_effect_agent_action_enable_engineer_assist_army_enhance_mobility	1	character_to_character_own	1.0000
teb_piggolo_actions	teb_piggolo_action_success_colonise_ruins	1	character_to_character_own	1.0000
teb_piggolo_actions	wh_main_effect_agent_action_cost_mod	1	character_to_character_own	100.0000
wh3_dlc25_skill_all_dummy_agent_actions_emp_master_engineer	wh2_main_effect_agent_action_enable_engineer_hinder_agent_wound	1	character_to_character_own	1.0000
wh3_dlc25_skill_all_dummy_agent_actions_emp_master_engineer	wh2_main_effect_agent_action_enable_engineer_hinder_army_block_army	1	character_to_character_own	1.0000
wh3_dlc25_skill_all_dummy_agent_actions_emp_master_engineer	wh2_main_effect_agent_action_enable_engineer_hinder_settlement_damage_walls	1	character_to_character_own	1.0000
wh3_dlc25_skill_all_dummy_agent_actions_emp_master_engineer	wh2_main_effect_agent_action_enable_engineer_hinder_settlement_scout_settlement	1	character_to_character_own	1.0000
teb_piggolo_actions	wh2_main_effect_agent_action_enable_engineer_passive_boost_income	1	character_to_character_own	1.0000
teb_piggolo_actions	wh2_main_effect_agent_action_passive_boost_income_effect_negative	1	character_to_region_enemy_provincewide	-5.0000
teb_piggolo_actions	wh2_main_effect_agent_action_passive_boost_income_effect_positive	1	character_to_region_own_provincewide	5.0000
teb_piggolo_enrage	teb_piggolo_enrage	1	character_to_character_own	1.0000
