agent_subtype	effect_bundle
#faction_starting_general_effects_tables;0;db/faction_starting_general_effects_tables/ak_teb	
teb_borgio_the_besieger	teb_lord_trait_teb_borgio_the_besieger
teb_gashnag	teb_lord_trait_teb_gashnag
teb_lucrezzia_belladonna	teb_lord_trait_teb_lucrezzia_belladonna
teb_catrazza	teb_lord_trait_teb_catrazza
teb_lupio	teb_lord_trait_teb_lupio
teb_gausser	teb_lord_trait_teb_gausser
teb_colombo	teb_lord_trait_teb_colombo
teb_cadavo	teb_lord_trait_teb_cadavo
teb_lorenzo_lupo	teb_lord_trait_teb_lorenzo_lupo
teb_colombo_TOW	teb_lord_trait_teb_colombo_TOW
teb_lucrezzia_belladonna_TOW	teb_lord_trait_teb_lucrezzia_belladonna_TOW
