campaign_potential	base_value	random_roll_lower_bound	random_roll_median	random_roll_upper_bound
#faction_potential_categories_tables;0;db/faction_potential_categories_tables/ak_teb				
mixer_teb_bilbali_ie	130	0	30	60
mixer_teb_border_princes_ie	130	0	30	60
mixer_teb_catrazza_ie	130	0	30	60
mixer_teb_colombo_ie	130	0	30	60
mixer_teb_estalia_ie	150	0	30	60
mixer_teb_gashnag_ie	130	0	30	60
mixer_teb_new_world_colonies_ie	130	0	25	50
mixer_teb_tilea_ie	150	0	30	60
oldworld_teb_border_princes	20	0	20	40
oldworld_teb_central_confederacy	40	0	20	40
oldworld_teb_estalia	20	0	20	40
oldworld_teb_north_confederacy	130	0	15	30
oldworld_teb_south_confederacy	40	0	20	40
oldworld_teb_tilea	20	0	20	40
oldworld_teb_magritta	130	0	25	50
oldworld_teb_bilbali	70	0	25	50
oldworld_mixer_teb_bilbali	20	0	20	40
oldworld_teb_catrazza	130	0	15	30
oldworld_teb_colombo	130	0	20	40
oldworld_teb_miragliano	130	0	25	50
oldworld_teb_luccini	130	0	15	30
oldworld_teb_gashnag	130	0	15	30
oldworld_teb_remas	70	0	20	40
oldworld_teb_new_world_colonies	130	0	20	40
oldworld_teb_trantio	70	0	20	40
oldworld_teb_tobaro	70	0	20	40
oldworld_teb_pavona	50	0	20	40
oldworld_teb_verezzo	20	0	20	40
oldworld_teb_vizeaya	20	0	20	40
oldworld_teb_nuja	20	0	20	40
oldworld_teb_almagora	20	0	20	40
oldworld_teb_gualcazar	20	0	20	40
oldworld_teb_reinos_pobres	20	0	20	40
oldworld_teb_monte_castello	40	0	20	40
oldworld_teb_order_of_the_blazing_sun	130	0	15	30
